{
    "mAP": 0.7850851060555442,
    "precision": 0.7850851060555442,
    "recall": 0.8338368580060423
}